Result,Nationality,Points,Rider,Year,Date,Race,Weather
1,Aus,200,Brosnan Troy,2021,13/06/2021,Leogang,Dry
2,Fra,160,Daprela Thibaut,2021,13/06/2021,Leogang,Dry
3,Fra,140,Pierron Amaury,2021,13/06/2021,Leogang,Dry
4,Sct,125,Wilson Reece,2021,13/06/2021,Leogang,Dry
5,Fra,110,Coulanges Benoit,2021,13/06/2021,Leogang,Dry
6,Brt,95,Hart Danny,2021,13/06/2021,Leogang,Dry
7,Brt,90,Greenland Laurie,2021,13/06/2021,Leogang,Dry
8,Fra,85,Thirion Rémi,2021,13/06/2021,Leogang,Dry
9,Usa,80,Norton Dakotah,2021,13/06/2021,Leogang,Dry
10,Fra,75,Bruni Loic,2021,13/06/2021,Leogang,Dry
11,Nzl,70,Masters Edward,2021,13/06/2021,Leogang,Dry
12,Rsa,65,Minnaar Greg,2021,13/06/2021,Leogang,Dry
13,Sct,60,Williamson Greg,2021,13/06/2021,Leogang,Dry
14,Can,55,Iles Finnley,2021,13/06/2021,Leogang,Dry
15,Brt,50,Hatton Charlie,2021,13/06/2021,Leogang,Dry
16,Brt,45,Kerr Bernard,2021,13/06/2021,Leogang,Dry
17,Fra,44,Pierron Baptiste,2021,13/06/2021,Leogang,Dry
18,Can,43,Wallace Mark,2021,13/06/2021,Leogang,Dry
19,Aut,42,Trummer David,2021,13/06/2021,Leogang,Dry
20,Irl,41,Dickson Jacob,2021,13/06/2021,Leogang,Dry
21,Brt,40,Edwards Kade,2021,13/06/2021,Leogang,Dry
22,Usa,39,Gwin Aaron,2021,13/06/2021,Leogang,Dry
23,Brt,38,Atwill Philip,2021,13/06/2021,Leogang,Dry
24,Slo,37,Žabjek Jure,2021,13/06/2021,Leogang,Dry
25,Brt,36,Walker Matt,2021,13/06/2021,Leogang,Dry
26,Usa,35,Shaw Luca,2021,13/06/2021,Leogang,Dry
27,Esp,34,Suarez Alonso Angel,2021,13/06/2021,Leogang,Dry
28,Aut,33,Kolb Andreas,2021,13/06/2021,Leogang,Dry
29,Irl,32,Dunne Ronan,2021,13/06/2021,Leogang,Dry
30,Brt,31,Breeden Joe,2021,13/06/2021,Leogang,Dry
31,Ger,30,Hartenstern Max,2021,13/06/2021,Leogang,Dry
32,Esp,29,Marin Trillo Alex,2021,13/06/2021,Leogang,Dry
33,Aus,28,A'Hern Kye,2021,13/06/2021,Leogang,Dry
34,Brt,27,Atherton Gee,2021,13/06/2021,Leogang,Dry
35,Swe,26,Zwar Oliver,2021,13/06/2021,Leogang,Dry
36,Nzl,25,Brannigan George,2021,13/06/2021,Leogang,Dry
37,Aus,24,Hannah Michael,2021,13/06/2021,Leogang,Dry
38,Svk,23,Baránek Rastislav,2021,13/06/2021,Leogang,Dry
39,Fra,22,Vige Gaëtan,2021,13/06/2021,Leogang,Dry
40,Fra,21,Iniguez Matteo,2021,13/06/2021,Leogang,Dry
41,Fra,20,Estaque Thomas,2021,13/06/2021,Leogang,Dry
42,Sct,19,Edmondson Jamie,2021,13/06/2021,Leogang,Dry
43,Fra,18,Pierron Antoine,2021,13/06/2021,Leogang,Dry
44,Brt,17,Fairclough Brendan,2021,13/06/2021,Leogang,Dry
45,Fra,16,Levesque Dylan,2021,13/06/2021,Leogang,Dry
46,Can,15,Jamieson Elliot,2021,13/06/2021,Leogang,Dry
47,Fra,14,Vidal Antoine,2021,13/06/2021,Leogang,Dry
48,Swe,13,Zwar Kvist Benjamin,2021,13/06/2021,Leogang,Dry
49,Fra,12,Frixtalon Hugo,2021,13/06/2021,Leogang,Dry
50,Nzl,11,Masters Wyn,2021,13/06/2021,Leogang,Dry
51,Usa,10,Nestoroff Nikolas,2021,13/06/2021,Leogang,Dry
52,Nzl,9,Macdonald Brook,2021,13/06/2021,Leogang,Dry
53,Can,8,Cruz Lucas,2021,13/06/2021,Leogang,Dry
54,Ita,7,Revelli Loris,2021,13/06/2021,Leogang,Dry
55,Sui,6,Baechler Yannick,2021,13/06/2021,Leogang,Dry
56,Fra,5,Garcin Johan,2021,13/06/2021,Leogang,Dry
57,Fra,4,Ruffin Gaëtan,2021,13/06/2021,Leogang,Dry
58,Fra,3,Chapelet Simon,2021,13/06/2021,Leogang,Dry
59,Fra,2,Laly Thibault,2021,13/06/2021,Leogang,Dry
60,Nzl,1,Walker Matthew,2021,13/06/2021,Leogang,Dry
1,Fra,200,Daprela Thibaut,2021,04/07/2021,Les Gets,Wet
2,Ger,160,Hartenstern Max,2021,04/07/2021,Les Gets,Wet
3,Fra,140,Pierron Baptiste,2021,04/07/2021,Les Gets,Wet
4,Aus,125,Fearon Connor,2021,04/07/2021,Les Gets,Wet
5,Can,110,Wallace Mark,2021,04/07/2021,Les Gets,Wet
6,Aus,95,Lucas Dean,2021,04/07/2021,Les Gets,Wet
7,Rsa,90,Minnaar Greg,2021,04/07/2021,Les Gets,Wet
8,Nzl,85,Brannigan George,2021,04/07/2021,Les Gets,Wet
9,Brt,80,Edwards Kade,2021,04/07/2021,Les Gets,Wet
10,Brt,75,Breeden Joe,2021,04/07/2021,Les Gets,Wet
11,Brt,70,Jones Michael,2021,04/07/2021,Les Gets,Wet
12,Brt,65,Atwill Philip,2021,04/07/2021,Les Gets,Wet
13,Brt,60,Walker Matt,2021,04/07/2021,Les Gets,Wet
14,Brt,55,Fairclough Brendan,2021,04/07/2021,Les Gets,Wet
15,Nzl,50,Blenkinsop Samuel,2021,04/07/2021,Les Gets,Wet
16,Brt,45,Kerr Bernard,2021,04/07/2021,Les Gets,Wet
17,Irl,44,Dunne Ronan,2021,04/07/2021,Les Gets,Wet
18,Ita,43,Palazzari Davide,2021,04/07/2021,Les Gets,Wet
19,Aus,42,Meier-Smith Luke,2021,04/07/2021,Les Gets,Wet
20,Fra,41,Levesque Dylan,2021,04/07/2021,Les Gets,Wet
21,Brt,40,Vernon Taylor,2021,04/07/2021,Les Gets,Wet
22,Swe,39,Zwar Kvist Benjamin,2021,04/07/2021,Les Gets,Wet
23,Rsa,38,Erlangsen Theo,2021,04/07/2021,Les Gets,Wet
24,Fra,37,Laly Thibault,2021,04/07/2021,Les Gets,Wet
25,Fra,36,Vergier Loris,2021,04/07/2021,Les Gets,Wet
26,Brt,35,Greenland Laurie,2021,04/07/2021,Les Gets,Wet
27,Sui,34,Baechler Yannick,2021,04/07/2021,Les Gets,Wet
28,Fra,33,Coulanges Benoit,2021,04/07/2021,Les Gets,Wet
29,Aus,32,A'Hern Kye,2021,04/07/2021,Les Gets,Wet
30,Fra,31,Pierron Antoine,2021,04/07/2021,Les Gets,Wet
31,Aus,30,Hannah Michael,2021,04/07/2021,Les Gets,Wet
32,Sct,29,Williamson Greg,2021,04/07/2021,Les Gets,Wet
33,Can,28,Iles Finnley,2021,04/07/2021,Les Gets,Wet
34,Ned,27,Botteram Tristan,2021,04/07/2021,Les Gets,Wet
35,Nor,26,Leivsson Isak,2021,04/07/2021,Les Gets,Wet
36,Usa,25,Gwin Aaron,2021,04/07/2021,Les Gets,Wet
37,Por,24,Bandeira Gonçalo,2021,04/07/2021,Les Gets,Wet
38,Ger,23,Fischbach Johannes,2021,04/07/2021,Les Gets,Wet
39,Nzl,22,Macdonald Brook,2021,04/07/2021,Les Gets,Wet
40,Fra,21,Thirion Rémi,2021,04/07/2021,Les Gets,Wet
41,Aus,20,Brosnan Troy,2021,04/07/2021,Les Gets,Wet
42,Irl,19,Dickson Jacob,2021,04/07/2021,Les Gets,Wet
43,Fra,18,Frixtalon Hugo,2021,04/07/2021,Les Gets,Wet
44,Usa,17,Norton Dakotah,2021,04/07/2021,Les Gets,Wet
45,Fra,16,Garcin Johan,2021,04/07/2021,Les Gets,Wet
46,Swe,15,Zwar Oliver,2021,04/07/2021,Les Gets,Wet
47,Fra,14,Vallon Elliot,2021,04/07/2021,Les Gets,Wet
48,Slo,13,Žabjek Jure,2021,04/07/2021,Les Gets,Wet
49,Esp,12,Marin Trillo Alex,2021,04/07/2021,Les Gets,Wet
50,Fra,11,Bruni Loic,2021,04/07/2021,Les Gets,Wet
51,Fra,10,Iniguez Matteo,2021,04/07/2021,Les Gets,Wet
52,Usa,9,Shaw Luca,2021,04/07/2021,Les Gets,Wet
53,Fra,8,Ruffin Thibaut,2021,04/07/2021,Les Gets,Wet
54,Aut,7,Trummer David,2021,04/07/2021,Les Gets,Wet
55,Can,6,Fitzgerald Henry,2021,04/07/2021,Les Gets,Wet
56,Fra,5,Chatanay Valentin,2021,04/07/2021,Les Gets,Wet
57,Brt,4,Hart Danny,2021,04/07/2021,Les Gets,Wet
58,Sct,3,Wilson Reece,2021,04/07/2021,Les Gets,Wet
59,Nzl,2,Masters Edward,2021,04/07/2021,Les Gets,Wet
60,Esp,1,Suarez Alonso Angel,2021,04/07/2021,Les Gets,Wet
61,Aut,0,Kolb Andreas,2021,04/07/2021,Les Gets,Wet
62,Fra,0,Vige Gaëtan,2021,04/07/2021,Les Gets,Wet
1,Fra,200,Vergier Loris,2021,15/08/2021,Maribor,Dry
2,Fra,160,Daprela Thibaut,2021,15/08/2021,Maribor,Dry
3,Brt,140,Greenland Laurie,2021,15/08/2021,Maribor,Dry
4,Rsa,125,Minnaar Greg,2021,15/08/2021,Maribor,Dry
5,Fra,110,Bruni Loic,2021,15/08/2021,Maribor,Dry
6,Fra,95,Coulanges Benoit,2021,15/08/2021,Maribor,Dry
7,Usa,90,Shaw Luca,2021,15/08/2021,Maribor,Dry
8,Brt,85,Hart Danny,2021,15/08/2021,Maribor,Dry
9,Esp,80,Suarez Alonso Angel,2021,15/08/2021,Maribor,Dry
10,Brt,75,Slack Dan,2021,15/08/2021,Maribor,Dry
11,Brt,70,Walker Matt,2021,15/08/2021,Maribor,Dry
12,Aus,65,Brosnan Troy,2021,15/08/2021,Maribor,Dry
13,Aut,60,Trummer David,2021,15/08/2021,Maribor,Dry
14,Fra,55,Thirion Rémi,2021,15/08/2021,Maribor,Dry
15,Nzl,50,Macdonald Brook,2021,15/08/2021,Maribor,Dry
16,Aut,45,Kolb Andreas,2021,15/08/2021,Maribor,Dry
17,Irl,44,Kerr Henry,2021,15/08/2021,Maribor,Dry
18,Brt,43,Atwill Philip,2021,15/08/2021,Maribor,Dry
19,Aus,42,Meier-Smith Luke,2021,15/08/2021,Maribor,Dry
20,Ita,41,Palazzari Davide,2021,15/08/2021,Maribor,Dry
21,Sct,40,Wilson Reece,2021,15/08/2021,Maribor,Dry
22,Nzl,39,Pene Tuhoto-Ariki,2021,15/08/2021,Maribor,Dry
23,Fra,38,Levesque Dylan,2021,15/08/2021,Maribor,Dry
24,Brt,37,Brayton Adam,2021,15/08/2021,Maribor,Dry
25,Svk,36,Baránek Rastislav,2021,15/08/2021,Maribor,Dry
26,Ger,35,Hartenstern Max,2021,15/08/2021,Maribor,Dry
27,Esp,34,Marin Trillo Alex,2021,15/08/2021,Maribor,Dry
28,Aus,33,Lucas Dean,2021,15/08/2021,Maribor,Dry
29,Fra,32,Laly Thibault,2021,15/08/2021,Maribor,Dry
30,Fra,31,Chatanay Valentin,2021,15/08/2021,Maribor,Dry
31,Brt,30,Edwards Kade,2021,15/08/2021,Maribor,Dry
32,Usa,29,Harrison Charlie,2021,15/08/2021,Maribor,Dry
33,Svk,28,Rojček Adam,2021,15/08/2021,Maribor,Dry
34,Irl,27,Dunne Ronan,2021,15/08/2021,Maribor,Dry
35,Slo,26,Berginc Luka,2021,15/08/2021,Maribor,Dry
36,Sui,25,Baechler Yannick,2021,15/08/2021,Maribor,Dry
37,Fra,24,Garcin Johan,2021,15/08/2021,Maribor,Dry
38,Usa,23,Dooley Austin,2021,15/08/2021,Maribor,Dry
39,Usa,22,Sterling Matthew,2021,15/08/2021,Maribor,Dry
40,Fra,21,Payet Florent,2021,15/08/2021,Maribor,Dry
41,Aus,20,Hannah Michael,2021,15/08/2021,Maribor,Dry
42,Nzl,19,Brannigan George,2021,15/08/2021,Maribor,Dry
43,Ger,18,Fischbach Johannes,2021,15/08/2021,Maribor,Dry
44,Nzl,17,Hawkesby-Browne Finn,2021,15/08/2021,Maribor,Dry
45,Can,16,Cruz Lucas,2021,15/08/2021,Maribor,Dry
46,Fra,15,Iniguez Matteo,2021,15/08/2021,Maribor,Dry
47,Slo,14,Gomilšček Žak,2021,15/08/2021,Maribor,Dry
49,Can,12,Wallace Mark,2021,15/08/2021,Maribor,Dry
50,Rsa,11,Erlangsen Theo,2021,15/08/2021,Maribor,Dry
51,Brt,10,Williamson Luke,2021,15/08/2021,Maribor,Dry
53,Sui,8,Lehmann Janis,2021,15/08/2021,Maribor,Dry
54,Fra,7,Grandjean Mathéo,2021,15/08/2021,Maribor,Dry
55,Swe,6,Zwar Kvist Benjamin,2021,15/08/2021,Maribor,Dry
56,Aus,5,A'Hern Kye,2021,15/08/2021,Maribor,Dry
57,Brt,4,Hatton Charlie,2021,15/08/2021,Maribor,Dry
58,Aus,3,Fearon Connor,2021,15/08/2021,Maribor,Dry
59,Usa,2,Mulally Neko,2021,15/08/2021,Maribor,Dry
1,Fra,200,Vergier Loris,2021,05/09/2021,Lenzerheide,Dry
2,Fra,160,Bruni Loic,2021,05/09/2021,Lenzerheide,Dry
3,Fra,140,Daprela Thibaut,2021,05/09/2021,Lenzerheide,Dry
4,Fra,125,Pierron Amaury,2021,05/09/2021,Lenzerheide,Dry
5,Brt,110,Greenland Laurie,2021,05/09/2021,Lenzerheide,Dry
6,Brt,95,Hart Danny,2021,05/09/2021,Lenzerheide,Dry
7,Usa,90,Norton Dakotah,2021,05/09/2021,Lenzerheide,Dry
8,Sct,85,Wilson Reece,2021,05/09/2021,Lenzerheide,Dry
9,Fra,80,Thirion Rémi,2021,05/09/2021,Lenzerheide,Dry
10,Can,75,Iles Finnley,2021,05/09/2021,Lenzerheide,Dry
11,Aut,70,Trummer David,2021,05/09/2021,Lenzerheide,Dry
12,Brt,65,Walker Matt,2021,05/09/2021,Lenzerheide,Dry
13,Esp,60,Suarez Alonso Angel,2021,05/09/2021,Lenzerheide,Dry
14,Fra,55,Coulanges Benoit,2021,05/09/2021,Lenzerheide,Dry
15,Aut,50,Kolb Andreas,2021,05/09/2021,Lenzerheide,Dry
16,Can,45,Wallace Mark,2021,05/09/2021,Lenzerheide,Dry
17,Sct,44,Williamson Greg,2021,05/09/2021,Lenzerheide,Dry
18,Nzl,43,Macdonald Brook,2021,05/09/2021,Lenzerheide,Dry
19,Rsa,42,Minnaar Greg,2021,05/09/2021,Lenzerheide,Dry
20,Aus,41,Lucas Dean,2021,05/09/2021,Lenzerheide,Dry
21,Ger,40,Hartenstern Max,2021,05/09/2021,Lenzerheide,Dry
22,Brt,39,Hatton Charlie,2021,05/09/2021,Lenzerheide,Dry
23,Brt,38,Breeden Joe,2021,05/09/2021,Lenzerheide,Dry
24,Irl,37,Kerr Henry,2021,05/09/2021,Lenzerheide,Dry
25,Brt,36,Kerr Bernard,2021,05/09/2021,Lenzerheide,Dry
26,Usa,35,Harrison Charlie,2021,05/09/2021,Lenzerheide,Dry
27,Sct,34,Edmondson Jamie,2021,05/09/2021,Lenzerheide,Dry
28,Fra,33,Pierron Antoine,2021,05/09/2021,Lenzerheide,Dry
29,Swe,32,Zwar Oliver,2021,05/09/2021,Lenzerheide,Dry
30,Sui,31,Baechler Yannick,2021,05/09/2021,Lenzerheide,Dry
31,Brt,30,Brayton Adam,2021,05/09/2021,Lenzerheide,Dry
32,Usa,29,Silva Dante,2021,05/09/2021,Lenzerheide,Dry
33,Ita,28,Palazzari Davide,2021,05/09/2021,Lenzerheide,Dry
34,Fra,27,Estaque Thomas,2021,05/09/2021,Lenzerheide,Dry
35,Brt,26,Atwill Philip,2021,05/09/2021,Lenzerheide,Dry
36,Usa,25,Dooley Austin,2021,05/09/2021,Lenzerheide,Dry
37,Svk,24,Rojček Adam,2021,05/09/2021,Lenzerheide,Dry
38,Sui,23,Lehmann Janis,2021,05/09/2021,Lenzerheide,Dry
39,Fra,22,Chatanay Valentin,2021,05/09/2021,Lenzerheide,Dry
40,Sui,21,Lehmann Lino,2021,05/09/2021,Lenzerheide,Dry
41,Fra,20,Garcin Johan,2021,05/09/2021,Lenzerheide,Dry
42,Nzl,19,Pene Tuhoto-Ariki,2021,05/09/2021,Lenzerheide,Dry
43,Fra,18,Levesque Dylan,2021,05/09/2021,Lenzerheide,Dry
44,Sui,17,Niederberger Noel,2021,05/09/2021,Lenzerheide,Dry
45,Aus,16,A'Hern Kye,2021,05/09/2021,Lenzerheide,Dry
46,Can,15,Sherlock Seth,2021,05/09/2021,Lenzerheide,Dry
47,Brt,14,Slack Dan,2021,05/09/2021,Lenzerheide,Dry
48,Aus,13,Brosnan Troy,2021,05/09/2021,Lenzerheide,Dry
49,Fra,12,Chapelet Simon,2021,05/09/2021,Lenzerheide,Dry
50,Usa,11,Mulally Neko,2021,05/09/2021,Lenzerheide,Dry
51,Irl,10,Dickson Jacob,2021,05/09/2021,Lenzerheide,Dry
52,Ger,9,Fischbach Johannes,2021,05/09/2021,Lenzerheide,Dry
53,Fra,8,Laly Thibault,2021,05/09/2021,Lenzerheide,Dry
54,Ger,7,Maurer Simon,2021,05/09/2021,Lenzerheide,Dry
55,Nzl,6,Hawkesby-Browne Finn,2021,05/09/2021,Lenzerheide,Dry
56,Brt,5,Edwards Kade,2021,05/09/2021,Lenzerheide,Dry
57,Bra,4,Vieira Roger,2021,05/09/2021,Lenzerheide,Dry
58,Aus,3,Hannah Michael,2021,05/09/2021,Lenzerheide,Dry
59,Usa,2,Shaw Luca,2021,05/09/2021,Lenzerheide,Dry
60,Fra,1,Rogge Antoine,2021,05/09/2021,Lenzerheide,Dry
1,Sct,200,Wilson Reece,2021,15/09/2021,Snowshoe,Dry
2,Fra,160,Bruni Loic,2021,15/09/2021,Snowshoe,Dry
3,Fra,140,Vergier Loris,2021,15/09/2021,Snowshoe,Dry
4,Can,125,Iles Finnley,2021,15/09/2021,Snowshoe,Dry
5,Can,110,Wallace Mark,2021,15/09/2021,Snowshoe,Dry
6,Usa,95,Norton Dakotah,2021,15/09/2021,Snowshoe,Dry
7,Brt,90,Walker Matt,2021,15/09/2021,Snowshoe,Dry
8,Usa,85,Harrison Charlie,2021,15/09/2021,Snowshoe,Dry
9,Aus,80,Brosnan Troy,2021,15/09/2021,Snowshoe,Dry
10,Fra,75,Pierron Amaury,2021,15/09/2021,Snowshoe,Dry
11,Fra,70,Coulanges Benoit,2021,15/09/2021,Snowshoe,Dry
12,Aut,65,Trummer David,2021,15/09/2021,Snowshoe,Dry
13,Fra,60,Thirion Rémi,2021,15/09/2021,Snowshoe,Dry
14,Esp,55,Suarez Alonso Angel,2021,15/09/2021,Snowshoe,Dry
15,Brt,50,Greenland Laurie,2021,15/09/2021,Snowshoe,Dry
16,Brt,45,Kerr Bernard,2021,15/09/2021,Snowshoe,Dry
17,Brt,44,Breeden Joe,2021,15/09/2021,Snowshoe,Dry
18,Usa,43,Shaw Luca,2021,15/09/2021,Snowshoe,Dry
19,Nzl,42,Brannigan George,2021,15/09/2021,Snowshoe,Dry
20,Brt,41,Hatton Charlie,2021,15/09/2021,Snowshoe,Dry
21,Nzl,40,Pene Tuhoto-Ariki,2021,15/09/2021,Snowshoe,Dry
22,Aus,39,A'Hern Kye,2021,15/09/2021,Snowshoe,Dry
23,Usa,38,Silva Dante,2021,15/09/2021,Snowshoe,Dry
24,Ita,37,Palazzari Davide,2021,15/09/2021,Snowshoe,Dry
25,Swe,36,Zwar Oliver,2021,15/09/2021,Snowshoe,Dry
26,Irl,35,Dickson Jacob,2021,15/09/2021,Snowshoe,Dry
27,Aus,34,Lucas Dean,2021,15/09/2021,Snowshoe,Dry
28,Aut,33,Kolb Andreas,2021,15/09/2021,Snowshoe,Dry
29,Aus,32,Hannah Michael,2021,15/09/2021,Snowshoe,Dry
30,Irl,31,Kerr Henry,2021,15/09/2021,Snowshoe,Dry
31,Sct,30,Edmondson Jamie,2021,15/09/2021,Snowshoe,Dry
32,Can,29,Mcdowall Kirk,2021,15/09/2021,Snowshoe,Dry
33,Nzl,28,Macdonald Brook,2021,15/09/2021,Snowshoe,Dry
34,Fra,27,Levesque Dylan,2021,15/09/2021,Snowshoe,Dry
35,Usa,26,Dooley Austin,2021,15/09/2021,Snowshoe,Dry
36,Nzl,25,Gale Sam,2021,15/09/2021,Snowshoe,Dry
37,Sct,24,Williamson Greg,2021,15/09/2021,Snowshoe,Dry
38,Fra,23,Payet Florent,2021,15/09/2021,Snowshoe,Dry
39,Brt,22,Slack Dan,2021,15/09/2021,Snowshoe,Dry
40,Sct,21,Cathro Ben,2021,15/09/2021,Snowshoe,Dry
41,Usa,20,Mulally Neko,2021,15/09/2021,Snowshoe,Dry
42,Nzl,19,Blenkinsop Samuel,2021,15/09/2021,Snowshoe,Dry
43,Fra,18,Cabirou Rudy,2021,15/09/2021,Snowshoe,Dry
44,Can,17,Cruz Lucas,2021,15/09/2021,Snowshoe,Dry
45,Swe,16,Zwar Kvist Benjamin,2021,15/09/2021,Snowshoe,Dry
46,Fra,15,Iniguez Matteo,2021,15/09/2021,Snowshoe,Dry
47,Fra,14,Garcin Johan,2021,15/09/2021,Snowshoe,Dry
48,Can,13,Riesco Forrest,2021,15/09/2021,Snowshoe,Dry
49,Brt,12,Seagrave Kaos,2021,15/09/2021,Snowshoe,Dry
50,Brt,11,Hart Danny,2021,15/09/2021,Snowshoe,Dry
51,Can,10,Fitzgerald Henry,2021,15/09/2021,Snowshoe,Dry
52,Can,9,Neron Gabriel,2021,15/09/2021,Snowshoe,Dry
53,Ger,8,Hartenstern Max,2021,15/09/2021,Snowshoe,Dry
54,Usa,7,Nestoroff Nikolas,2021,15/09/2021,Snowshoe,Dry
55,Can,6,Sherlock Seth,2021,15/09/2021,Snowshoe,Dry
56,Brt,5,Edwards Kade,2021,15/09/2021,Snowshoe,Dry
57,Brt,4,Reading Jack,2021,15/09/2021,Snowshoe,Dry
58,Usa,3,Shaw Walker,2021,15/09/2021,Snowshoe,Dry
59,Fra,2,Pierron Antoine,2021,15/09/2021,Snowshoe,Dry
60,Nor,1,Leivsson Isak,2021,15/09/2021,Snowshoe,Dry
61,Brt,0,Atwill Philip,2021,15/09/2021,Snowshoe,Dry
1,Fra,200,Bruni Loic,2021,19/09/2021,Snowshoe,Dry
2,Aus,160,Brosnan Troy,2021,19/09/2021,Snowshoe,Dry
3,Esp,140,Suarez Alonso Angel,2021,19/09/2021,Snowshoe,Dry
4,Fra,125,Pierron Amaury,2021,19/09/2021,Snowshoe,Dry
5,Usa,110,Shaw Luca,2021,19/09/2021,Snowshoe,Dry
6,Brt,95,Hart Danny,2021,19/09/2021,Snowshoe,Dry
7,Sct,90,Wilson Reece,2021,19/09/2021,Snowshoe,Dry
8,Fra,85,Thirion Rémi,2021,19/09/2021,Snowshoe,Dry
9,Fra,80,Coulanges Benoit,2021,19/09/2021,Snowshoe,Dry
10,Aut,75,Trummer David,2021,19/09/2021,Snowshoe,Dry
11,Aut,70,Kolb Andreas,2021,19/09/2021,Snowshoe,Dry
12,Can,65,Wallace Mark,2021,19/09/2021,Snowshoe,Dry
13,Usa,60,Silva Dante,2021,19/09/2021,Snowshoe,Dry
14,Brt,55,Greenland Laurie,2021,19/09/2021,Snowshoe,Dry
15,Brt,50,Hatton Charlie,2021,19/09/2021,Snowshoe,Dry
16,Nzl,45,Pene Tuhoto-Ariki,2021,19/09/2021,Snowshoe,Dry
17,Swe,44,Zwar Oliver,2021,19/09/2021,Snowshoe,Dry
18,Fra,43,Estaque Thomas,2021,19/09/2021,Snowshoe,Dry
19,Aus,42,A'Hern Kye,2021,19/09/2021,Snowshoe,Dry
20,Can,41,Mcdowall Kirk,2021,19/09/2021,Snowshoe,Dry
21,Ita,40,Palazzari Davide,2021,19/09/2021,Snowshoe,Dry
22,Usa,39,Dooley Austin,2021,19/09/2021,Snowshoe,Dry
23,Fra,38,Levesque Dylan,2021,19/09/2021,Snowshoe,Dry
24,Sct,37,Edmondson Jamie,2021,19/09/2021,Snowshoe,Dry
25,Brt,36,Brayton Adam,2021,19/09/2021,Snowshoe,Dry
26,Irl,35,Kerr Henry,2021,19/09/2021,Snowshoe,Dry
27,Fra,34,Pierron Antoine,2021,19/09/2021,Snowshoe,Dry
28,Aus,33,Hannah Michael,2021,19/09/2021,Snowshoe,Dry
29,Nzl,32,Gale Sam,2021,19/09/2021,Snowshoe,Dry
30,Nzl,31,Blenkinsop Samuel,2021,19/09/2021,Snowshoe,Dry
31,Fra,30,Payet Florent,2021,19/09/2021,Snowshoe,Dry
32,Nzl,29,Brannigan George,2021,19/09/2021,Snowshoe,Dry
33,Usa,28,Mulally Neko,2021,19/09/2021,Snowshoe,Dry
34,Brt,27,Slack Dan,2021,19/09/2021,Snowshoe,Dry
35,Fra,26,Iniguez Matteo,2021,19/09/2021,Snowshoe,Dry
36,Brt,25,Atwill Philip,2021,19/09/2021,Snowshoe,Dry
37,Usa,24,Ervin Tyler,2021,19/09/2021,Snowshoe,Dry
38,Brt,23,Edwards Kade,2021,19/09/2021,Snowshoe,Dry
39,Can,22,Iles Finnley,2021,19/09/2021,Snowshoe,Dry
40,Fra,21,Garcin Johan,2021,19/09/2021,Snowshoe,Dry
41,Can,20,Cruz Lucas,2021,19/09/2021,Snowshoe,Dry
42,Brt,19,Kerr Bernard,2021,19/09/2021,Snowshoe,Dry
43,Fra,18,Cabirou Rudy,2021,19/09/2021,Snowshoe,Dry
44,Sct,17,Cathro Ben,2021,19/09/2021,Snowshoe,Dry
45,Ger,16,Hartenstern Max,2021,19/09/2021,Snowshoe,Dry
46,Can,15,Fitzgerald Henry,2021,19/09/2021,Snowshoe,Dry
47,Can,14,Riesco Forrest,2021,19/09/2021,Snowshoe,Dry
48,Usa,13,Sterling Matthew,2021,19/09/2021,Snowshoe,Dry
49,Brt,12,Seagrave Kaos,2021,19/09/2021,Snowshoe,Dry
50,Irl,11,Dickson Jacob,2021,19/09/2021,Snowshoe,Dry
51,Usa,10,Nestoroff Nikolas,2021,19/09/2021,Snowshoe,Dry
52,Can,9,Neron Gabriel,2021,19/09/2021,Snowshoe,Dry
53,Nzl,8,Masters Wyn,2021,19/09/2021,Snowshoe,Dry
54,Fra,7,Vergier Loris,2021,19/09/2021,Snowshoe,Dry
55,Can,6,Jamieson Elliot,2021,19/09/2021,Snowshoe,Dry
56,Brt,5,Reading Jack,2021,19/09/2021,Snowshoe,Dry
57,Irl,4,Dunne Ronan,2021,19/09/2021,Snowshoe,Dry
58,Usa,3,Norton Dakotah,2021,19/09/2021,Snowshoe,Dry
59,Brt,2,Monro Jim,2021,19/09/2021,Snowshoe,Dry
60,Nzl,1,Macdonald Brook,2021,19/09/2021,Snowshoe,Dry
61,Sct,0,Williamson Greg,2021,19/09/2021,Snowshoe,Dry
62,Brt,0,Walker Matt,2021,19/09/2021,Snowshoe,Dry
1,Fra,200,Pierron Amaury,2022,27/04/2022,Lourdes,Dry
2,Can,160,Iles Finnley,2022,27/04/2022,Lourdes,Dry
3,Fra,140,Bruni Loic,2022,27/04/2022,Lourdes,Dry
4,Fra,125,Coulanges Benoit,2022,27/04/2022,Lourdes,Dry
5,Usa,110,Shaw Luca,2022,27/04/2022,Lourdes,Dry
6,Brt,95,Hart Danny,2022,27/04/2022,Lourdes,Dry
7,Sct,90,Wilson Reece,2022,27/04/2022,Lourdes,Dry
8,Brt,85,Greenland Laurie,2022,27/04/2022,Lourdes,Dry
9,Fra,80,Vidal Antoine,2022,27/04/2022,Lourdes,Dry
10,Brt,75,Walker Matt,2022,27/04/2022,Lourdes,Dry
11,Usa,70,Norton Dakotah,2022,27/04/2022,Lourdes,Dry
12,Fra,65,Vergier Loris,2022,27/04/2022,Lourdes,Dry
13,Brt,60,Edwards Kade,2022,27/04/2022,Lourdes,Dry
14,Esp,55,Suarez Alonso Angel,2022,27/04/2022,Lourdes,Dry
15,Ger,50,Hartenstern Max,2022,27/04/2022,Lourdes,Dry
16,Rsa,45,Minnaar Greg,2022,27/04/2022,Lourdes,Dry
17,Fra,44,Frixtalon Hugo,2022,27/04/2022,Lourdes,Dry
18,Aut,43,Trummer David,2022,27/04/2022,Lourdes,Dry
19,Brt,42,Vernon Taylor,2022,27/04/2022,Lourdes,Dry
20,Brt,41,Kerr Bernard,2022,27/04/2022,Lourdes,Dry
21,Aus,40,Meier-Smith Luke,2022,27/04/2022,Lourdes,Dry
22,Aut,39,Kolb Andreas,2022,27/04/2022,Lourdes,Dry
23,Brt,38,Hatton Charlie,2022,27/04/2022,Lourdes,Dry
24,Fra,37,Pierron Baptiste,2022,27/04/2022,Lourdes,Dry
25,Fra,36,Levesque Dylan,2022,27/04/2022,Lourdes,Dry
26,Aus,35,Lucas Dean,2022,27/04/2022,Lourdes,Dry
27,Irl,34,Dickson Jacob,2022,27/04/2022,Lourdes,Dry
28,Fra,33,Estaque Thomas,2022,27/04/2022,Lourdes,Dry
29,Aus,32,Fearon Connor,2022,27/04/2022,Lourdes,Dry
30,Fra,31,Cabirou Rudy,2022,27/04/2022,Lourdes,Dry
31,Brt,30,Luffman Dennis,2022,27/04/2022,Lourdes,Dry
32,Fra,29,Dailly Adrien,2022,27/04/2022,Lourdes,Dry
33,Usa,28,Gwin Aaron,2022,27/04/2022,Lourdes,Dry
34,Fra,27,Thirion Rémi,2022,27/04/2022,Lourdes,Dry
35,Ita,26,Revelli Loris,2022,27/04/2022,Lourdes,Dry
36,Fra,25,Chapelet Simon,2022,27/04/2022,Lourdes,Dry
37,Bra,24,Vieira Roger,2022,27/04/2022,Lourdes,Dry
38,Sct,23,Williamson Greg,2022,27/04/2022,Lourdes,Dry
39,Irl,22,O Callaghan Oisin,2022,27/04/2022,Lourdes,Dry
40,Can,21,Wallace Mark,2022,27/04/2022,Lourdes,Dry
41,Nzl,20,Macdonald Brook,2022,27/04/2022,Lourdes,Dry
42,Usa,19,Dooley Austin,2022,27/04/2022,Lourdes,Dry
43,Fra,18,Rogge Antoine,2022,27/04/2022,Lourdes,Dry
44,Brt,17,Slack Dan,2022,27/04/2022,Lourdes,Dry
45,Usa,16,Silva Dante,2022,27/04/2022,Lourdes,Dry
46,Fra,15,Garcin Johan,2022,27/04/2022,Lourdes,Dry
47,Fra,14,Laly Thibault,2022,27/04/2022,Lourdes,Dry
48,Nzl,13,Masters Edward,2022,27/04/2022,Lourdes,Dry
49,Fra,12,Gironde Mael,2022,27/04/2022,Lourdes,Dry
50,Svk,11,Baránek Rastislav,2022,27/04/2022,Lourdes,Dry
51,Brt,10,Reading Jack,2022,27/04/2022,Lourdes,Dry
52,Sct,9,Edmondson Jamie,2022,27/04/2022,Lourdes,Dry
54,Ita,7,Palazzari Davide,2022,27/04/2022,Lourdes,Dry
55,Por,6,Bandeira Gonçalo,2022,27/04/2022,Lourdes,Dry
56,Esp,5,Menoyo Busquets Pau,2022,27/04/2022,Lourdes,Dry
57,Irl,4,Kerr Henry,2022,27/04/2022,Lourdes,Dry
58,Usa,3,Harrison Charlie,2022,27/04/2022,Lourdes,Dry
59,Fra,2,Daprela Thibaut,2022,27/04/2022,Lourdes,Dry
60,Brt,1,Fairclough Brendan,2022,27/04/2022,Lourdes,Dry
1,Fra,200,Pierron Amaury,2022,22/05/2022,Fort William,Wet
2,Fra,160,Daprela Thibaut,2022,22/05/2022,Fort William,Wet
3,Brt,140,Greenland Laurie,2022,22/05/2022,Fort William,Wet
4,Fra,125,Coulanges Benoit,2022,22/05/2022,Fort William,Wet
5,Brt,110,Walker Matt,2022,22/05/2022,Fort William,Wet
6,Fra,95,Vergier Loris,2022,22/05/2022,Fort William,Wet
7,Rsa,90,Minnaar Greg,2022,22/05/2022,Fort William,Wet
8,Brt,85,Hart Danny,2022,22/05/2022,Fort William,Wet
9,Aus,80,Meier-Smith Luke,2022,22/05/2022,Fort William,Wet
10,Esp,75,Suarez Alonso Angel,2022,22/05/2022,Fort William,Wet
11,Fra,70,Pierron Baptiste,2022,22/05/2022,Fort William,Wet
12,Fra,65,Levesque Dylan,2022,22/05/2022,Fort William,Wet
13,Fra,60,Thirion Rémi,2022,22/05/2022,Fort William,Wet
14,Sct,55,Williamson Greg,2022,22/05/2022,Fort William,Wet
15,Brt,50,Hatton Charlie,2022,22/05/2022,Fort William,Wet
16,Brt,45,Kerr Bernard,2022,22/05/2022,Fort William,Wet
17,Sct,44,Wilson Reece,2022,22/05/2022,Fort William,Wet
18,Aus,43,Fearon Connor,2022,22/05/2022,Fort William,Wet
19,Nzl,42,Masters Edward,2022,22/05/2022,Fort William,Wet
20,Aut,41,Trummer David,2022,22/05/2022,Fort William,Wet
21,Usa,40,Dooley Austin,2022,22/05/2022,Fort William,Wet
22,Aus,39,A'Hern Kye,2022,22/05/2022,Fort William,Wet
23,Brt,38,Williamson Luke,2022,22/05/2022,Fort William,Wet
24,Sct,37,Cathro Ben,2022,22/05/2022,Fort William,Wet
25,Rsa,36,Philogene Christopher,2022,22/05/2022,Fort William,Wet
26,Swe,35,Zwar Oliver,2022,22/05/2022,Fort William,Wet
27,Bra,34,Vieira Roger,2022,22/05/2022,Fort William,Wet
28,Sct,33,Gannicott George,2022,22/05/2022,Fort William,Wet
29,Brt,32,Vernon Taylor,2022,22/05/2022,Fort William,Wet
30,Irl,31,Dunne Ronan,2022,22/05/2022,Fort William,Wet
31,Can,30,Cruz Lucas,2022,22/05/2022,Fort William,Wet
32,Brt,29,Luffman Dennis,2022,22/05/2022,Fort William,Wet
33,Sct,28,Blair Lachlan,2022,22/05/2022,Fort William,Wet
34,Fra,27,Rogge Antoine,2022,22/05/2022,Fort William,Wet
35,Can,26,Wallace Mark,2022,22/05/2022,Fort William,Wet
36,Irl,25,Dickson Jacob,2022,22/05/2022,Fort William,Wet
37,Can,24,Mcdowall Kirk,2022,22/05/2022,Fort William,Wet
38,Fra,23,Estaque Thomas,2022,22/05/2022,Fort William,Wet
39,Fra,22,Frixtalon Hugo,2022,22/05/2022,Fort William,Wet
40,Nzl,21,Masters Wyn,2022,22/05/2022,Fort William,Wet
41,Usa,20,Silva Dante,2022,22/05/2022,Fort William,Wet
42,Fra,19,Pierron Antoine,2022,22/05/2022,Fort William,Wet
43,Can,18,Laffey Patrick,2022,22/05/2022,Fort William,Wet
44,Brt,17,Brayton Adam,2022,22/05/2022,Fort William,Wet
45,Aus,16,Lucas Dean,2022,22/05/2022,Fort William,Wet
46,Fra,15,Vidal Antoine,2022,22/05/2022,Fort William,Wet
47,Nzl,14,Brannigan George,2022,22/05/2022,Fort William,Wet
48,Fra,13,Chapelet Simon,2022,22/05/2022,Fort William,Wet
49,Usa,12,Shaw Luca,2022,22/05/2022,Fort William,Wet
50,Usa,11,Norton Dakotah,2022,22/05/2022,Fort William,Wet
51,Brt,10,Brannen Ryan,2022,22/05/2022,Fort William,Wet
52,Sct,9,Mcbain Calum,2022,22/05/2022,Fort William,Wet
53,Sct,8,Craik Ethan,2022,22/05/2022,Fort William,Wet
54,Bra,7,Vieira Douglas,2022,22/05/2022,Fort William,Wet
55,Ger,6,Hartenstern Max,2022,22/05/2022,Fort William,Wet
56,Aus,5,Booker Daniel,2022,22/05/2022,Fort William,Wet
57,Brt,4,Edwards Kade,2022,22/05/2022,Fort William,Wet
58,Irl,3,O Callaghan Oisin,2022,22/05/2022,Fort William,Wet
59,Brt,2,Williams Preston,2022,22/05/2022,Fort William,Wet
60,Sui,1,Baechler Yannick,2022,22/05/2022,Fort William,Wet
1,Brt,200,Walker Matt,2022,12/06/2022,Leogang,Wet
2,Brt,160,Hart Danny,2022,12/06/2022,Leogang,Wet
3,Esp,140,Suarez Alonso Angel,2022,12/06/2022,Leogang,Wet
4,Fra,125,Pierron Amaury,2022,12/06/2022,Leogang,Wet
5,Aut,110,Kolb Andreas,2022,12/06/2022,Leogang,Wet
6,Can,95,Iles Finnley,2022,12/06/2022,Leogang,Wet
7,Fra,90,Vergier Loris,2022,12/06/2022,Leogang,Wet
8,Brt,85,Hatton Charlie,2022,12/06/2022,Leogang,Wet
9,Usa,80,Norton Dakotah,2022,12/06/2022,Leogang,Wet
10,Can,75,Wallace Mark,2022,12/06/2022,Leogang,Wet
11,Usa,70,Gwin Aaron,2022,12/06/2022,Leogang,Wet
12,Fra,65,Levesque Dylan,2022,12/06/2022,Leogang,Wet
13,Aut,60,Trummer David,2022,12/06/2022,Leogang,Wet
14,Irl,55,Dickson Jacob,2022,12/06/2022,Leogang,Wet
15,Usa,50,Shaw Luca,2022,12/06/2022,Leogang,Wet
16,Aus,45,Brosnan Troy,2022,12/06/2022,Leogang,Wet
17,Brt,44,Edwards Kade,2022,12/06/2022,Leogang,Wet
18,Brt,43,Greenland Laurie,2022,12/06/2022,Leogang,Wet
19,Aus,42,Meier-Smith Luke,2022,12/06/2022,Leogang,Wet
20,Fra,41,Coulanges Benoit,2022,12/06/2022,Leogang,Wet
21,Sct,40,Williamson Greg,2022,12/06/2022,Leogang,Wet
22,Fra,39,Vidal Antoine,2022,12/06/2022,Leogang,Wet
23,Aus,38,Lucas Dean,2022,12/06/2022,Leogang,Wet
24,Brt,37,Atwill Philip,2022,12/06/2022,Leogang,Wet
25,Ita,36,Revelli Loris,2022,12/06/2022,Leogang,Wet
26,Fra,35,Pierron Baptiste,2022,12/06/2022,Leogang,Wet
27,Fra,34,Pierron Antoine,2022,12/06/2022,Leogang,Wet
28,Sct,33,Craik Ethan,2022,12/06/2022,Leogang,Wet
29,Brt,32,Kerr Bernard,2022,12/06/2022,Leogang,Wet
30,Nzl,31,Blenkinsop Samuel,2022,12/06/2022,Leogang,Wet
31,Can,30,Sherlock Seth,2022,12/06/2022,Leogang,Wet
32,Usa,29,Mulally Neko,2022,12/06/2022,Leogang,Wet
33,Sui,28,Niederberger Noel,2022,12/06/2022,Leogang,Wet
34,Ger,27,Hartenstern Max,2022,12/06/2022,Leogang,Wet
35,Aus,26,Booker Daniel,2022,12/06/2022,Leogang,Wet
36,Brt,25,Fairclough Brendan,2022,12/06/2022,Leogang,Wet
37,Swe,24,Zwar Kvist Benjamin,2022,12/06/2022,Leogang,Wet
38,Usa,23,Dooley Austin,2022,12/06/2022,Leogang,Wet
39,Fra,22,Vige Gaëtan,2022,12/06/2022,Leogang,Wet
40,Fra,21,Rogge Antoine,2022,12/06/2022,Leogang,Wet
41,Rsa,20,Minnaar Greg,2022,12/06/2022,Leogang,Wet
42,Fra,19,Iniguez Matteo,2022,12/06/2022,Leogang,Wet
43,Aus,18,Fearon Connor,2022,12/06/2022,Leogang,Wet
44,Fra,17,Estaque Thomas,2022,12/06/2022,Leogang,Wet
45,Irl,16,Kerr Henry,2022,12/06/2022,Leogang,Wet
46,Nzl,15,Masters Edward,2022,12/06/2022,Leogang,Wet
47,Brt,14,Reading Jack,2022,12/06/2022,Leogang,Wet
48,Aus,13,Frew Jackson,2022,12/06/2022,Leogang,Wet
49,Irl,12,O Callaghan Oisin,2022,12/06/2022,Leogang,Wet
50,Svk,11,Baránek Rastislav,2022,12/06/2022,Leogang,Wet
51,Can,10,Jewett Jakob,2022,12/06/2022,Leogang,Wet
52,Sct,9,Blair Lachlan,2022,12/06/2022,Leogang,Wet
53,Sct,8,Edmondson Jamie,2022,12/06/2022,Leogang,Wet
54,Brt,7,Williams Preston,2022,12/06/2022,Leogang,Wet
55,Nzl,6,Masters Wyn,2022,12/06/2022,Leogang,Wet
56,Nzl,5,Walker Matthew,2022,12/06/2022,Leogang,Wet
57,Can,4,Cruz Lucas,2022,12/06/2022,Leogang,Wet
58,Fra,3,Payet Florent,2022,12/06/2022,Leogang,Wet
59,Fra,2,Daprela Thibaut,2022,12/06/2022,Leogang,Wet
60,Bra,1,Vieira Roger,2022,12/06/2022,Leogang,Wet
61,Ger,0,Lehmann Hannes,2022,12/06/2022,Leogang,Wet
62,Nzl,0,Stead Hayden,2022,12/06/2022,Leogang,Wet
63,Brt,0,Seagrave Kaos,2022,12/06/2022,Leogang,Wet
64,Fra,0,Frixtalon Hugo,2022,12/06/2022,Leogang,Wet
1,Fra,200,Pierron Amaury,2022,10/07/2022,Lenzerheide,Dry
2,Can,160,Iles Finnley,2022,10/07/2022,Lenzerheide,Dry
3,Rsa,140,Minnaar Greg,2022,10/07/2022,Lenzerheide,Dry
4,Aut,125,Kolb Andreas,2022,10/07/2022,Lenzerheide,Dry
5,Fra,110,Coulanges Benoit,2022,10/07/2022,Lenzerheide,Dry
6,Brt,95,Walker Matt,2022,10/07/2022,Lenzerheide,Dry
7,Brt,90,Hatton Charlie,2022,10/07/2022,Lenzerheide,Dry
8,Fra,85,Vergier Loris,2022,10/07/2022,Lenzerheide,Dry
9,Brt,80,Kerr Bernard,2022,10/07/2022,Lenzerheide,Dry
10,Fra,75,Daprela Thibaut,2022,10/07/2022,Lenzerheide,Dry
11,Usa,70,Gwin Aaron,2022,10/07/2022,Lenzerheide,Dry
12,Brt,65,Hart Danny,2022,10/07/2022,Lenzerheide,Dry
13,Nzl,60,Pene Tuhoto-Ariki,2022,10/07/2022,Lenzerheide,Dry
14,Can,55,Wallace Mark,2022,10/07/2022,Lenzerheide,Dry
15,Aut,50,Trummer David,2022,10/07/2022,Lenzerheide,Dry
16,Esp,45,Suarez Alonso Angel,2022,10/07/2022,Lenzerheide,Dry
17,Fra,44,Rogge Antoine,2022,10/07/2022,Lenzerheide,Dry
18,Fra,43,Levesque Dylan,2022,10/07/2022,Lenzerheide,Dry
19,Aus,42,Fearon Connor,2022,10/07/2022,Lenzerheide,Dry
20,Aus,41,Brosnan Troy,2022,10/07/2022,Lenzerheide,Dry
21,Aus,40,Meier-Smith Luke,2022,10/07/2022,Lenzerheide,Dry
22,Irl,39,Kerr Henry,2022,10/07/2022,Lenzerheide,Dry
23,Fra,38,Bruni Loic,2022,10/07/2022,Lenzerheide,Dry
24,Fra,37,Frixtalon Hugo,2022,10/07/2022,Lenzerheide,Dry
25,Brt,36,Atwill Philip,2022,10/07/2022,Lenzerheide,Dry
26,Brt,35,Greenland Laurie,2022,10/07/2022,Lenzerheide,Dry
27,Sui,34,Weber Lutz,2022,10/07/2022,Lenzerheide,Dry
28,Fra,33,Pierron Baptiste,2022,10/07/2022,Lenzerheide,Dry
29,Fra,32,Laly Thibault,2022,10/07/2022,Lenzerheide,Dry
30,Swe,31,Zwar Oliver,2022,10/07/2022,Lenzerheide,Dry
31,Usa,30,Dooley Austin,2022,10/07/2022,Lenzerheide,Dry
32,Fra,29,Vige Gaëtan,2022,10/07/2022,Lenzerheide,Dry
33,Swe,28,Zwar Kvist Benjamin,2022,10/07/2022,Lenzerheide,Dry
34,Usa,27,Silva Dante,2022,10/07/2022,Lenzerheide,Dry
35,Irl,26,O Callaghan Oisin,2022,10/07/2022,Lenzerheide,Dry
36,Fra,25,Payet Florent,2022,10/07/2022,Lenzerheide,Dry
37,Ita,24,Revelli Loris,2022,10/07/2022,Lenzerheide,Dry
38,Aus,23,A'Hern Kye,2022,10/07/2022,Lenzerheide,Dry
39,Sui,22,Lehmann Lino,2022,10/07/2022,Lenzerheide,Dry
40,Bra,21,Vieira Roger,2022,10/07/2022,Lenzerheide,Dry
41,Irl,20,Dickson Jacob,2022,10/07/2022,Lenzerheide,Dry
42,Ita,19,Palazzari Davide,2022,10/07/2022,Lenzerheide,Dry
43,Nzl,18,Macdonald Brook,2022,10/07/2022,Lenzerheide,Dry
44,Sui,17,Lehmann Janis,2022,10/07/2022,Lenzerheide,Dry
45,Nzl,16,Brannigan George,2022,10/07/2022,Lenzerheide,Dry
46,Ger,15,Fischbach Johannes,2022,10/07/2022,Lenzerheide,Dry
47,Fra,14,Chatanay Valentin,2022,10/07/2022,Lenzerheide,Dry
48,Sui,13,Niederberger Noel,2022,10/07/2022,Lenzerheide,Dry
49,Fra,12,Cabirou Rudy,2022,10/07/2022,Lenzerheide,Dry
50,Usa,11,Grice Christopher,2022,10/07/2022,Lenzerheide,Dry
51,Can,10,Cruz Lucas,2022,10/07/2022,Lenzerheide,Dry
52,Rsa,9,Philogene Christopher,2022,10/07/2022,Lenzerheide,Dry
53,Fra,8,Estaque Thomas,2022,10/07/2022,Lenzerheide,Dry
54,Ned,7,Botteram Tristan,2022,10/07/2022,Lenzerheide,Dry
55,Nzl,6,Blenkinsop Samuel,2022,10/07/2022,Lenzerheide,Dry
56,Sct,5,Edmondson Jamie,2022,10/07/2022,Lenzerheide,Dry
57,Usa,4,Norton Dakotah,2022,10/07/2022,Lenzerheide,Dry
58,Usa,3,Shaw Luca,2022,10/07/2022,Lenzerheide,Dry
59,Nzl,2,Masters Edward,2022,10/07/2022,Lenzerheide,Dry
60,Fra,1,Rilat Emile,2022,10/07/2022,Lenzerheide,Dry
61,Esp,0,Menoyo Busquets Pau,2022,10/07/2022,Lenzerheide,Dry
62,Fra,0,Vidal Antoine,2022,10/07/2022,Lenzerheide,Dry
1,Fra,200,Vergier Loris,2022,17/07/2022,Vallnord Pal Arinsal,Dry
2,Fra,160,Bruni Loic,2022,17/07/2022,Vallnord Pal Arinsal,Dry
3,Can,140,Iles Finnley,2022,17/07/2022,Vallnord Pal Arinsal,Dry
4,Usa,125,Gwin Aaron,2022,17/07/2022,Vallnord Pal Arinsal,Dry
5,Aut,110,Kolb Andreas,2022,17/07/2022,Vallnord Pal Arinsal,Dry
6,Aus,95,Meier-Smith Luke,2022,17/07/2022,Vallnord Pal Arinsal,Dry
7,Esp,90,Suarez Alonso Angel,2022,17/07/2022,Vallnord Pal Arinsal,Dry
8,Swe,85,Zwar Oliver,2022,17/07/2022,Vallnord Pal Arinsal,Dry
9,Rsa,80,Minnaar Greg,2022,17/07/2022,Vallnord Pal Arinsal,Dry
10,Brt,75,Greenland Laurie,2022,17/07/2022,Vallnord Pal Arinsal,Dry
11,Ger,70,Hartenstern Max,2022,17/07/2022,Vallnord Pal Arinsal,Dry
12,Fra,65,Estaque Thomas,2022,17/07/2022,Vallnord Pal Arinsal,Dry
13,Fra,60,Pierron Amaury,2022,17/07/2022,Vallnord Pal Arinsal,Dry
14,Brt,55,Kerr Bernard,2022,17/07/2022,Vallnord Pal Arinsal,Dry
15,Fra,50,Daprela Thibaut,2022,17/07/2022,Vallnord Pal Arinsal,Dry
16,Nzl,45,Brannigan George,2022,17/07/2022,Vallnord Pal Arinsal,Dry
17,Fra,44,Vidal Antoine,2022,17/07/2022,Vallnord Pal Arinsal,Dry
18,Brt,43,Hart Danny,2022,17/07/2022,Vallnord Pal Arinsal,Dry
19,Usa,42,Norton Dakotah,2022,17/07/2022,Vallnord Pal Arinsal,Dry
20,Sct,41,Williamson Greg,2022,17/07/2022,Vallnord Pal Arinsal,Dry
21,Aus,40,Lucas Dean,2022,17/07/2022,Vallnord Pal Arinsal,Dry
22,Sct,39,Craik Ethan,2022,17/07/2022,Vallnord Pal Arinsal,Dry
23,Ita,38,Palazzari Davide,2022,17/07/2022,Vallnord Pal Arinsal,Dry
24,Ita,37,Revelli Loris,2022,17/07/2022,Vallnord Pal Arinsal,Dry
25,Fra,36,Frixtalon Hugo,2022,17/07/2022,Vallnord Pal Arinsal,Dry
26,Brt,35,Vernon Taylor,2022,17/07/2022,Vallnord Pal Arinsal,Dry
27,Brt,34,Hatton Charlie,2022,17/07/2022,Vallnord Pal Arinsal,Dry
28,Brt,33,Brayton Adam,2022,17/07/2022,Vallnord Pal Arinsal,Dry
29,Usa,32,Dooley Austin,2022,17/07/2022,Vallnord Pal Arinsal,Dry
30,Fra,31,Pierron Baptiste,2022,17/07/2022,Vallnord Pal Arinsal,Dry
31,Fra,30,Rogge Antoine,2022,17/07/2022,Vallnord Pal Arinsal,Dry
32,Fra,29,Levesque Dylan,2022,17/07/2022,Vallnord Pal Arinsal,Dry
33,Brt,28,Williams Preston,2022,17/07/2022,Vallnord Pal Arinsal,Dry
34,Esp,27,Menoyo Busquets Pau,2022,17/07/2022,Vallnord Pal Arinsal,Dry
35,Irl,26,Dickson Jacob,2022,17/07/2022,Vallnord Pal Arinsal,Dry
36,Aus,25,Brosnan Troy,2022,17/07/2022,Vallnord Pal Arinsal,Dry
36,Sct,25,Edmondson Jamie,2022,17/07/2022,Vallnord Pal Arinsal,Dry
38,Usa,23,Silva Dante,2022,17/07/2022,Vallnord Pal Arinsal,Dry
39,Can,22,Wallace Mark,2022,17/07/2022,Vallnord Pal Arinsal,Dry
40,Aut,21,Trummer David,2022,17/07/2022,Vallnord Pal Arinsal,Dry
41,Nzl,20,Masters Edward,2022,17/07/2022,Vallnord Pal Arinsal,Dry
42,Irl,19,Dunne Ronan,2022,17/07/2022,Vallnord Pal Arinsal,Dry
43,Can,18,Jewett Jakob,2022,17/07/2022,Vallnord Pal Arinsal,Dry
44,Nzl,17,Macdonald Brook,2022,17/07/2022,Vallnord Pal Arinsal,Dry
45,Nzl,16,Blenkinsop Samuel,2022,17/07/2022,Vallnord Pal Arinsal,Dry
46,Fra,15,Laly Thibault,2022,17/07/2022,Vallnord Pal Arinsal,Dry
47,Can,14,Sherlock Seth,2022,17/07/2022,Vallnord Pal Arinsal,Dry
48,Bra,13,Vieira Roger,2022,17/07/2022,Vallnord Pal Arinsal,Dry
49,Ger,12,Fischbach Johannes,2022,17/07/2022,Vallnord Pal Arinsal,Dry
50,Aus,11,A'Hern Kye,2022,17/07/2022,Vallnord Pal Arinsal,Dry
51,Fra,10,Iniguez Matteo,2022,17/07/2022,Vallnord Pal Arinsal,Dry
52,Aus,9,Fearon Connor,2022,17/07/2022,Vallnord Pal Arinsal,Dry
53,Nzl,8,Pene Tuhoto-Ariki,2022,17/07/2022,Vallnord Pal Arinsal,Dry
54,Usa,7,Grice Christopher,2022,17/07/2022,Vallnord Pal Arinsal,Dry
55,Ita,6,Introzzi Stefano,2022,17/07/2022,Vallnord Pal Arinsal,Dry
56,Esp,5,Jorba Prats Ferran,2022,17/07/2022,Vallnord Pal Arinsal,Dry
57,Fra,4,Cabirou Rudy,2022,17/07/2022,Vallnord Pal Arinsal,Dry
58,Rsa,3,Erlangsen Theo,2022,17/07/2022,Vallnord Pal Arinsal,Dry
59,Rsa,2,Finnis Connor,2022,17/07/2022,Vallnord Pal Arinsal,Dry
60,Can,1,Jamieson Elliot,2022,17/07/2022,Vallnord Pal Arinsal,Dry
61,Usa,0,Mulally Neko,2022,17/07/2022,Vallnord Pal Arinsal,Dry
62,Brt,0,Walker Matt,2022,17/07/2022,Vallnord Pal Arinsal,Dry
63,Fra,0,Payet Florent,2022,17/07/2022,Vallnord Pal Arinsal,Dry
1,Fra,200,Pierron Amaury,2022,31/07/2022,Snowshoe,Dry
2,Brt,160,Kerr Bernard,2022,31/07/2022,Snowshoe,Dry
3,Aut,140,Kolb Andreas,2022,31/07/2022,Snowshoe,Dry
4,Irl,125,Dunne Ronan,2022,31/07/2022,Snowshoe,Dry
5,Rsa,110,Minnaar Greg,2022,31/07/2022,Snowshoe,Dry
6,Brt,95,Hart Danny,2022,31/07/2022,Snowshoe,Dry
7,Brt,90,Greenland Laurie,2022,31/07/2022,Snowshoe,Dry
8,Fra,85,Vergier Loris,2022,31/07/2022,Snowshoe,Dry
9,Can,80,Iles Finnley,2022,31/07/2022,Snowshoe,Dry
10,Aut,75,Trummer David,2022,31/07/2022,Snowshoe,Dry
11,Fra,70,Levesque Dylan,2022,31/07/2022,Snowshoe,Dry
12,Sct,65,Craik Ethan,2022,31/07/2022,Snowshoe,Dry
13,Fra,60,Iniguez Matteo,2022,31/07/2022,Snowshoe,Dry
14,Usa,55,Gwin Aaron,2022,31/07/2022,Snowshoe,Dry
15,Aus,50,Brosnan Troy,2022,31/07/2022,Snowshoe,Dry
16,Fra,45,Coulanges Benoit,2022,31/07/2022,Snowshoe,Dry
17,Can,44,Wallace Mark,2022,31/07/2022,Snowshoe,Dry
18,Fra,43,Daprela Thibaut,2022,31/07/2022,Snowshoe,Dry
19,Usa,42,Silva Dante,2022,31/07/2022,Snowshoe,Dry
20,Usa,41,Dooley Austin,2022,31/07/2022,Snowshoe,Dry
21,Nzl,40,Masters Wyn,2022,31/07/2022,Snowshoe,Dry
22,Fra,39,Thirion Rémi,2022,31/07/2022,Snowshoe,Dry
23,Sct,38,Edmondson Jamie,2022,31/07/2022,Snowshoe,Dry
24,Aus,37,Fearon Connor,2022,31/07/2022,Snowshoe,Dry
25,Brt,36,Hatton Charlie,2022,31/07/2022,Snowshoe,Dry
26,Swe,35,Zwar Oliver,2022,31/07/2022,Snowshoe,Dry
27,Can,34,Jewett Jakob,2022,31/07/2022,Snowshoe,Dry
28,Fra,33,Chapelet Simon,2022,31/07/2022,Snowshoe,Dry
29,Brt,32,Brayton Adam,2022,31/07/2022,Snowshoe,Dry
30,Nzl,31,Blenkinsop Samuel,2022,31/07/2022,Snowshoe,Dry
31,Fra,30,Rogge Antoine,2022,31/07/2022,Snowshoe,Dry
32,Fra,29,Estaque Thomas,2022,31/07/2022,Snowshoe,Dry
33,Ita,28,Revelli Loris,2022,31/07/2022,Snowshoe,Dry
34,Fra,27,Vige Gaëtan,2022,31/07/2022,Snowshoe,Dry
35,Can,26,Mcdowall Kirk,2022,31/07/2022,Snowshoe,Dry
36,Aus,25,Meier-Smith Luke,2022,31/07/2022,Snowshoe,Dry
37,Ger,24,Hartenstern Max,2022,31/07/2022,Snowshoe,Dry
38,Usa,23,Mulally Neko,2022,31/07/2022,Snowshoe,Dry
39,Sct,22,Williamson Greg,2022,31/07/2022,Snowshoe,Dry
40,Nzl,21,Macdonald Brook,2022,31/07/2022,Snowshoe,Dry
41,Fra,20,Payet Florent,2022,31/07/2022,Snowshoe,Dry
42,Brt,19,Williams Preston,2022,31/07/2022,Snowshoe,Dry
43,Aus,18,Lucas Dean,2022,31/07/2022,Snowshoe,Dry
44,Swe,17,Zwar Kvist Benjamin,2022,31/07/2022,Snowshoe,Dry
45,Fra,16,Laly Thibault,2022,31/07/2022,Snowshoe,Dry
46,Aus,15,A'Hern Kye,2022,31/07/2022,Snowshoe,Dry
47,Fra,14,Frixtalon Hugo,2022,31/07/2022,Snowshoe,Dry
48,Usa,13,Norton Dakotah,2022,31/07/2022,Snowshoe,Dry
49,Fra,12,Iniguez Raphael,2022,31/07/2022,Snowshoe,Dry
50,Brt,11,Monro Jim,2022,31/07/2022,Snowshoe,Dry
51,Nzl,10,Pene Tuhoto-Ariki,2022,31/07/2022,Snowshoe,Dry
52,Usa,9,Ervin Tyler,2022,31/07/2022,Snowshoe,Dry
53,Bra,8,Vieira Roger,2022,31/07/2022,Snowshoe,Dry
54,Rsa,7,Erlangsen Theo,2022,31/07/2022,Snowshoe,Dry
56,Ita,5,Palazzari Davide,2022,31/07/2022,Snowshoe,Dry
57,Irl,4,Kerr Henry,2022,31/07/2022,Snowshoe,Dry
58,Sct,3,Cathro Ben,2022,31/07/2022,Snowshoe,Dry
59,Brt,2,Slack Dan,2022,31/07/2022,Snowshoe,Dry
60,Esp,1,Suarez Alonso Angel,2022,31/07/2022,Snowshoe,Dry
61,Esp,0,Menoyo Busquets Pau,2022,31/07/2022,Snowshoe,Dry
1,Can,200,Iles Finnley,2022,07/08/2022,Mont-Sainte-Anne,Dry
2,Brt,160,Greenland Laurie,2022,07/08/2022,Mont-Sainte-Anne,Dry
3,Aus,140,Brosnan Troy,2022,07/08/2022,Mont-Sainte-Anne,Dry
4,Usa,125,Gwin Aaron,2022,07/08/2022,Mont-Sainte-Anne,Dry
5,Brt,110,Kerr Bernard,2022,07/08/2022,Mont-Sainte-Anne,Dry
6,Ita,95,Revelli Loris,2022,07/08/2022,Mont-Sainte-Anne,Dry
7,Sct,90,Craik Ethan,2022,07/08/2022,Mont-Sainte-Anne,Dry
8,Nzl,85,Blenkinsop Samuel,2022,07/08/2022,Mont-Sainte-Anne,Dry
9,Fra,80,Daprela Thibaut,2022,07/08/2022,Mont-Sainte-Anne,Dry
10,Fra,75,Levesque Dylan,2022,07/08/2022,Mont-Sainte-Anne,Dry
11,Nzl,70,Pene Tuhoto-Ariki,2022,07/08/2022,Mont-Sainte-Anne,Dry
12,Aus,65,A'Hern Kye,2022,07/08/2022,Mont-Sainte-Anne,Dry
13,Brt,60,Hatton Charlie,2022,07/08/2022,Mont-Sainte-Anne,Dry
14,Swe,55,Zwar Oliver,2022,07/08/2022,Mont-Sainte-Anne,Dry
15,Usa,50,Silva Dante,2022,07/08/2022,Mont-Sainte-Anne,Dry
16,Irl,45,Dunne Ronan,2022,07/08/2022,Mont-Sainte-Anne,Dry
17,Fra,44,Vidal Antoine,2022,07/08/2022,Mont-Sainte-Anne,Dry
18,Fra,43,Thirion Rémi,2022,07/08/2022,Mont-Sainte-Anne,Dry
19,Can,42,Wallace Mark,2022,07/08/2022,Mont-Sainte-Anne,Dry
20,Aus,41,Meier-Smith Luke,2022,07/08/2022,Mont-Sainte-Anne,Dry
21,Swe,40,Zwar Kvist Benjamin,2022,07/08/2022,Mont-Sainte-Anne,Dry
22,Brt,39,Atwill Philip,2022,07/08/2022,Mont-Sainte-Anne,Dry
23,Usa,38,Dooley Austin,2022,07/08/2022,Mont-Sainte-Anne,Dry
24,Fra,37,Estaque Thomas,2022,07/08/2022,Mont-Sainte-Anne,Dry
25,Can,36,Mcdowall Kirk,2022,07/08/2022,Mont-Sainte-Anne,Dry
26,Fra,35,Pierron Amaury,2022,07/08/2022,Mont-Sainte-Anne,Dry
27,Can,34,Cruz Lucas,2022,07/08/2022,Mont-Sainte-Anne,Dry
28,Ita,33,Palazzari Davide,2022,07/08/2022,Mont-Sainte-Anne,Dry
29,Esp,32,Menoyo Busquets Pau,2022,07/08/2022,Mont-Sainte-Anne,Dry
30,Rsa,31,Minnaar Greg,2022,07/08/2022,Mont-Sainte-Anne,Dry
31,Esp,30,Suarez Alonso Angel,2022,07/08/2022,Mont-Sainte-Anne,Dry
32,Fra,29,Pierron Baptiste,2022,07/08/2022,Mont-Sainte-Anne,Dry
33,Bra,28,Vieira Roger,2022,07/08/2022,Mont-Sainte-Anne,Dry
34,Aut,27,Trummer David,2022,07/08/2022,Mont-Sainte-Anne,Dry
35,Fra,26,Rogge Antoine,2022,07/08/2022,Mont-Sainte-Anne,Dry
36,Fra,25,Vige Gaëtan,2022,07/08/2022,Mont-Sainte-Anne,Dry
37,Fra,24,Payet Florent,2022,07/08/2022,Mont-Sainte-Anne,Dry
38,Nzl,23,Hawkesby-Browne Finn,2022,07/08/2022,Mont-Sainte-Anne,Dry
39,Aus,22,Lucas Dean,2022,07/08/2022,Mont-Sainte-Anne,Dry
40,Irl,21,Kerr Henry,2022,07/08/2022,Mont-Sainte-Anne,Dry
41,Fra,20,Laly Thibault,2022,07/08/2022,Mont-Sainte-Anne,Dry
42,Brt,19,Slack Dan,2022,07/08/2022,Mont-Sainte-Anne,Dry
43,Fra,18,Chapelet Simon,2022,07/08/2022,Mont-Sainte-Anne,Dry
44,Aut,17,Kolb Andreas,2022,07/08/2022,Mont-Sainte-Anne,Dry
45,Rsa,16,Erlangsen Theo,2022,07/08/2022,Mont-Sainte-Anne,Dry
46,Sui,15,Lehmann Lino,2022,07/08/2022,Mont-Sainte-Anne,Dry
47,Sct,14,Cathro Ben,2022,07/08/2022,Mont-Sainte-Anne,Dry
48,Brt,13,Brayton Adam,2022,07/08/2022,Mont-Sainte-Anne,Dry
49,Usa,12,Maples Dylan,2022,07/08/2022,Mont-Sainte-Anne,Dry
50,Nzl,11,Masters Wyn,2022,07/08/2022,Mont-Sainte-Anne,Dry
51,Brt,10,Luffman Dennis,2022,07/08/2022,Mont-Sainte-Anne,Dry
52,Brt,9,Williamson Luke,2022,07/08/2022,Mont-Sainte-Anne,Dry
53,Nzl,8,Macdermid James,2022,07/08/2022,Mont-Sainte-Anne,Dry
54,Brt,7,Reading Jack,2022,07/08/2022,Mont-Sainte-Anne,Dry
55,Usa,6,Ervin Tyler,2022,07/08/2022,Mont-Sainte-Anne,Dry
56,Nzl,5,Macdonald Brook,2022,07/08/2022,Mont-Sainte-Anne,Dry
57,Fra,4,Frixtalon Hugo,2022,07/08/2022,Mont-Sainte-Anne,Dry
58,Brt,3,Breeden Joe,2022,07/08/2022,Mont-Sainte-Anne,Dry
1,Fra,250,Vergier Loris,2022,04/09/2022,Val di Sole,Dry
2,Aut,200,Kolb Andreas,2022,04/09/2022,Val di Sole,Dry
3,Usa,170,Norton Dakotah,2022,04/09/2022,Val di Sole,Dry
4,Usa,150,Gwin Aaron,2022,04/09/2022,Val di Sole,Dry
5,Brt,132,Kerr Bernard,2022,04/09/2022,Val di Sole,Dry
6,Fra,115,Coulanges Benoit,2022,04/09/2022,Val di Sole,Dry
7,Brt,108,Hatton Charlie,2022,04/09/2022,Val di Sole,Dry
8,Fra,102,Bruni Loic,2022,04/09/2022,Val di Sole,Dry
9,Fra,96,Thirion Rémi,2022,04/09/2022,Val di Sole,Dry
10,Swe,90,Zwar Oliver,2022,04/09/2022,Val di Sole,Dry
11,Fra,84,Daprela Thibaut,2022,04/09/2022,Val di Sole,Dry
12,Fra,78,Levesque Dylan,2022,04/09/2022,Val di Sole,Dry
13,Can,72,Cruz Lucas,2022,04/09/2022,Val di Sole,Dry
14,Fra,66,Iniguez Matteo,2022,04/09/2022,Val di Sole,Dry
15,Aus,60,Lucas Dean,2022,04/09/2022,Val di Sole,Dry
16,Fra,54,Rogge Antoine,2022,04/09/2022,Val di Sole,Dry
17,Aus,52,Brosnan Troy,2022,04/09/2022,Val di Sole,Dry
18,Usa,50,Shaw Luca,2022,04/09/2022,Val di Sole,Dry
19,Nzl,48,Walker Matthew,2022,04/09/2022,Val di Sole,Dry
20,Irl,46,Dickson Jacob,2022,04/09/2022,Val di Sole,Dry
21,Rsa,40,Finnis Connor,2022,04/09/2022,Val di Sole,Dry
22,Usa,39,Maples Dylan,2022,04/09/2022,Val di Sole,Dry
23,Bra,38,Vieira Roger,2022,04/09/2022,Val di Sole,Dry
24,Brt,37,Molloy Harry,2022,04/09/2022,Val di Sole,Dry
25,Ger,36,Fischbach Johannes,2022,04/09/2022,Val di Sole,Dry
26,Por,35,Reis Nuno,2022,04/09/2022,Val di Sole,Dry
27,Ita,34,Introzzi Stefano,2022,04/09/2022,Val di Sole,Dry
28,Fra,33,Garcin Johan,2022,04/09/2022,Val di Sole,Dry
29,Brt,32,Hart Danny,2022,04/09/2022,Val di Sole,Dry
30,Fra,31,Laly Thibault,2022,04/09/2022,Val di Sole,Dry
31,Usa,30,Mulally Neko,2022,04/09/2022,Val di Sole,Dry
32,Irl,29,Kerr Henry,2022,04/09/2022,Val di Sole,Dry
33,Aut,28,Trummer David,2022,04/09/2022,Val di Sole,Dry
34,Sui,27,Lehmann Lino,2022,04/09/2022,Val di Sole,Dry
35,Sui,26,Lehmann Janis,2022,04/09/2022,Val di Sole,Dry
36,Fra,25,Rilat Emile,2022,04/09/2022,Val di Sole,Dry
37,Aus,24,Frew Jackson,2022,04/09/2022,Val di Sole,Dry
38,Fra,23,Payet Florent,2022,04/09/2022,Val di Sole,Dry
39,Nzl,22,Brannigan George,2022,04/09/2022,Val di Sole,Dry
40,Can,21,Jewett Jakob,2022,04/09/2022,Val di Sole,Dry
41,Can,20,Mcdowall Kirk,2022,04/09/2022,Val di Sole,Dry
42,Sui,19,Baechler Yannick,2022,04/09/2022,Val di Sole,Dry
43,Nor,18,Smestad Simen,2022,04/09/2022,Val di Sole,Dry
44,Esp,17,Menoyo Busquets Pau,2022,04/09/2022,Val di Sole,Dry
45,Brt,16,Atwill Philip,2022,04/09/2022,Val di Sole,Dry
46,Can,15,Jamieson Elliot,2022,04/09/2022,Val di Sole,Dry
47,Sct,14,Wilson Reece,2022,04/09/2022,Val di Sole,Dry
48,Fra,13,Frixtalon Hugo,2022,04/09/2022,Val di Sole,Dry
49,Can,12,Wallace Mark,2022,04/09/2022,Val di Sole,Dry
50,Swe,11,Zwar Kvist Benjamin,2022,04/09/2022,Val di Sole,Dry
51,Nzl,10,Macdermid James,2022,04/09/2022,Val di Sole,Dry
52,Brt,9,Greenland Laurie,2022,04/09/2022,Val di Sole,Dry
53,Fra,8,Pierron Amaury,2022,04/09/2022,Val di Sole,Dry
54,Brt,7,Vernon Taylor,2022,04/09/2022,Val di Sole,Dry
55,Can,6,Sherlock Seth,2022,04/09/2022,Val di Sole,Dry
